,make,model
0,acura,cl
1,acura,ilx
2,acura,integra
3,acura,legend
4,acura,mdx
5,acura,mdx sport hybrid
6,acura,nsx
7,acura,rdx
8,acura,rl
9,acura,rlx
10,acura,rlx sport hybrid
11,acura,rsx
12,acura,slx
13,acura,tl
14,acura,tlx
15,acura,tsx
16,acura,vigor
17,acura,zdx
18,alfa romeo,164
19,alfa romeo,4c
20,alfa romeo,4c spider
21,alfa romeo,giulia
22,alfa romeo,spider
23,alfa romeo,stelvio
24,aston martin,db11
25,aston martin,db12
26,aston martin,db9
27,aston martin,db9 gt
28,aston martin,dbs
29,aston martin,dbs superleggera
30,aston martin,dbx
31,aston martin,rapide
32,aston martin,rapide s
33,aston martin,vanquish
34,aston martin,vanquish s
35,aston martin,vantage
36,aston martin,virage
37,audi,100
38,audi,80
39,audi,90
40,audi,a3
41,audi,a3 sportback e-tron
42,audi,a4
43,audi,a4 (2005.5)
44,audi,a4 allroad
45,audi,a5
46,audi,a5 sport
47,audi,a6
48,audi,a6 allroad
49,audi,a7
50,audi,a8
51,audi,allroad
52,audi,cabriolet
53,audi,e-tron
54,audi,e-tron gt
55,audi,e-tron s
56,audi,e-tron s sportback
57,audi,e-tron sportback
58,audi,q3
59,audi,q4 e-tron
60,audi,q4 sportback e-tron
61,audi,q5
62,audi,q5 sportback
63,audi,q7
64,audi,q8
65,audi,q8 e-tron
66,audi,q8 sportback e-tron
67,audi,quattro
68,audi,r8
69,audi,rs 3
70,audi,rs 4
71,audi,rs 5
72,audi,rs 6
73,audi,rs 7
74,audi,rs e-tron gt
75,audi,rs q8
76,audi,s3
77,audi,s4
78,audi,s4 (2005.5)
79,audi,s5
80,audi,s6
81,audi,s7
82,audi,s8
83,audi,sq5
84,audi,sq5 sportback
85,audi,sq7
86,audi,sq8
87,audi,tt
88,bentley,arnage
89,bentley,azure
90,bentley,azure t
91,bentley,bentayga
92,bentley,bentayga ewb
93,bentley,brooklands
94,bentley,continental
95,bentley,continental gt
96,bentley,continental gtc
97,bentley,flying spur
98,bentley,mulsanne
99,bmw,1 series
100,bmw,2 series
101,bmw,3 series
102,bmw,4 series
103,bmw,5 series
104,bmw,6 series
105,bmw,7 series
106,bmw,8 series
107,bmw,alpina b7
108,bmw,i3
109,bmw,i4
110,bmw,i5
111,bmw,i7
112,bmw,i8
113,bmw,ix
114,bmw,m
115,bmw,m2
116,bmw,m3
117,bmw,m4
118,bmw,m5
119,bmw,m6
120,bmw,m8
121,bmw,x1
122,bmw,x2
123,bmw,x3
124,bmw,x3 m
125,bmw,x4
126,bmw,x4 m
127,bmw,x5
128,bmw,x5 m
129,bmw,x6
130,bmw,x6 m
131,bmw,x7
132,bmw,xm
133,bmw,z3
134,bmw,z4
135,bmw,z4 m
136,bmw,z8
137,buick,cascada
138,buick,century
139,buick,enclave
140,buick,encore
141,buick,encore gx
142,buick,envision
143,buick,envista
144,buick,lacrosse
145,buick,lesabre
146,buick,lucerne
147,buick,park avenue
148,buick,rainier
149,buick,regal
150,buick,regal sportback
151,buick,regal tourx
152,buick,rendezvous
153,buick,riviera
154,buick,roadmaster
155,buick,skylark
156,buick,terraza
157,buick,verano
158,cadillac,allante
159,cadillac,ats
160,cadillac,ats-v
161,cadillac,brougham
162,cadillac,catera
163,cadillac,ct4
164,cadillac,ct5
165,cadillac,ct6
166,cadillac,ct6-v
167,cadillac,cts
168,cadillac,cts-v
169,cadillac,deville
170,cadillac,dts
171,cadillac,eldorado
172,cadillac,elr
173,cadillac,escalade
174,cadillac,escalade esv
175,cadillac,escalade ext
176,cadillac,fleetwood
177,cadillac,lyriq
178,cadillac,seville
179,cadillac,sixty special
180,cadillac,srx
181,cadillac,sts
182,cadillac,xlr
183,cadillac,xt4
184,cadillac,xt5
185,cadillac,xt6
186,cadillac,xts
187,chevrolet,1500 extended cab
188,chevrolet,1500 regular cab
189,chevrolet,2500 crew cab
190,chevrolet,2500 extended cab
191,chevrolet,2500 hd extended cab
192,chevrolet,2500 hd regular cab
193,chevrolet,2500 regular cab
194,chevrolet,3500 crew cab
195,chevrolet,3500 extended cab
196,chevrolet,3500 hd extended cab
197,chevrolet,3500 hd regular cab
198,chevrolet,3500 regular cab
199,chevrolet,apv cargo
200,chevrolet,astro cargo
201,chevrolet,astro passenger
202,chevrolet,avalanche
203,chevrolet,avalanche 1500
204,chevrolet,avalanche 2500
205,chevrolet,aveo
206,chevrolet,beretta
207,chevrolet,blazer
208,chevrolet,bolt euv
209,chevrolet,bolt ev
210,chevrolet,camaro
211,chevrolet,caprice
212,chevrolet,caprice classic
213,chevrolet,captiva sport
214,chevrolet,cavalier
215,chevrolet,city express
216,chevrolet,classic
217,chevrolet,cobalt
218,chevrolet,colorado crew cab
219,chevrolet,colorado extended cab
220,chevrolet,colorado regular cab
221,chevrolet,corsica
222,chevrolet,corvette
223,chevrolet,cruze
224,chevrolet,cruze limited
225,chevrolet,equinox
226,chevrolet,express 1500 cargo
227,chevrolet,express 1500 passenger
228,chevrolet,express 2500 cargo
229,chevrolet,express 2500 passenger
230,chevrolet,express 3500 cargo
231,chevrolet,express 3500 passenger
232,chevrolet,g-series 1500
233,chevrolet,g-series 2500
234,chevrolet,g-series 3500
235,chevrolet,g-series g10
236,chevrolet,g-series g20
237,chevrolet,g-series g30
238,chevrolet,hhr
239,chevrolet,impala
240,chevrolet,impala limited
241,chevrolet,lumina
242,chevrolet,lumina apv
243,chevrolet,lumina cargo
244,chevrolet,lumina passenger
245,chevrolet,malibu
246,chevrolet,malibu (classic)
247,chevrolet,malibu limited
248,chevrolet,metro
249,chevrolet,monte carlo
250,chevrolet,prizm
251,chevrolet,s10 blazer
252,chevrolet,s10 crew cab
253,chevrolet,s10 extended cab
254,chevrolet,s10 regular cab
255,chevrolet,silverado (classic) 1500 crew cab
256,chevrolet,silverado (classic) 1500 extended cab
257,chevrolet,silverado (classic) 1500 hd crew cab
258,chevrolet,silverado (classic) 1500 regular cab
259,chevrolet,silverado (classic) 2500 hd crew cab
260,chevrolet,silverado (classic) 2500 hd extended cab
261,chevrolet,silverado (classic) 2500 hd regular cab
262,chevrolet,silverado (classic) 3500 crew cab
263,chevrolet,silverado (classic) 3500 extended cab
264,chevrolet,silverado (classic) 3500 regular cab
265,chevrolet,silverado 1500 crew cab
266,chevrolet,silverado 1500 double cab
267,chevrolet,silverado 1500 extended cab
268,chevrolet,silverado 1500 hd crew cab
269,chevrolet,silverado 1500 limited crew cab
270,chevrolet,silverado 1500 limited double cab
271,chevrolet,silverado 1500 limited regular cab
272,chevrolet,silverado 1500 regular cab
273,chevrolet,silverado 2500 crew cab
274,chevrolet,silverado 2500 extended cab
275,chevrolet,silverado 2500 hd crew cab
276,chevrolet,silverado 2500 hd double cab
277,chevrolet,silverado 2500 hd extended cab
278,chevrolet,silverado 2500 hd regular cab
279,chevrolet,silverado 2500 regular cab
280,chevrolet,silverado 3500 crew cab
281,chevrolet,silverado 3500 extended cab
282,chevrolet,silverado 3500 hd crew cab
283,chevrolet,silverado 3500 hd double cab
284,chevrolet,silverado 3500 hd extended cab
285,chevrolet,silverado 3500 hd regular cab
286,chevrolet,silverado 3500 regular cab
287,chevrolet,sonic
288,chevrolet,spark
289,chevrolet,spark ev
290,chevrolet,sportvan g10
291,chevrolet,sportvan g20
292,chevrolet,sportvan g30
293,chevrolet,ss
294,chevrolet,ssr
295,chevrolet,suburban
296,chevrolet,suburban 1500
297,chevrolet,suburban 2500
298,chevrolet,suburban 3500hd
299,chevrolet,tahoe
300,chevrolet,tahoe (new)
301,chevrolet,tracker
302,chevrolet,trailblazer
303,chevrolet,traverse
304,chevrolet,trax
305,chevrolet,uplander cargo
306,chevrolet,uplander passenger
307,chevrolet,venture cargo
308,chevrolet,venture passenger
309,chevrolet,volt
310,chrysler,200
311,chrysler,300
312,chrysler,300m
313,chrysler,aspen
314,chrysler,cirrus
315,chrysler,concorde
316,chrysler,crossfire
317,chrysler,fifth ave
318,chrysler,grand voyager
319,chrysler,imperial
320,chrysler,lebaron
321,chrysler,lhs
322,chrysler,new yorker
323,chrysler,pacifica
324,chrysler,pacifica hybrid
325,chrysler,prowler
326,chrysler,pt cruiser
327,chrysler,sebring
328,chrysler,town & country
329,chrysler,voyager
330,daewoo,lanos
331,daewoo,leganza
332,daewoo,nubira
333,daihatsu,charade
334,daihatsu,rocky
335,dodge,avenger
336,dodge,caliber
337,dodge,caravan cargo
338,dodge,caravan passenger
339,dodge,challenger
340,dodge,charger
341,dodge,colt
342,dodge,d150 club cab
343,dodge,d150 regular cab
344,dodge,d250 club cab
345,dodge,d250 regular cab
346,dodge,d350 club cab
347,dodge,d350 regular cab
348,dodge,dakota club cab
349,dodge,dakota crew cab
350,dodge,dakota extended cab
351,dodge,dakota quad cab
352,dodge,dakota regular cab
353,dodge,dart
354,dodge,daytona
355,dodge,durango
356,dodge,dynasty
357,dodge,grand caravan cargo
358,dodge,grand caravan passenger
359,dodge,hornet
360,dodge,intrepid
361,dodge,journey
362,dodge,magnum
363,dodge,monaco
364,dodge,neon
365,dodge,nitro
366,dodge,ram 1500 club cab
367,dodge,ram 1500 crew cab
368,dodge,ram 1500 mega cab
369,dodge,ram 1500 quad cab
370,dodge,ram 1500 regular cab
371,dodge,ram 2500 club cab
372,dodge,ram 2500 crew cab
373,dodge,ram 2500 mega cab
374,dodge,ram 2500 quad cab
375,dodge,ram 2500 regular cab
376,dodge,ram 3500 club cab
377,dodge,ram 3500 crew cab
378,dodge,ram 3500 mega cab
379,dodge,ram 3500 quad cab
380,dodge,ram 3500 regular cab
381,dodge,ram 50 regular cab
382,dodge,ram van 1500
383,dodge,ram van 2500
384,dodge,ram van 3500
385,dodge,ram van b150
386,dodge,ram van b250
387,dodge,ram van b350
388,dodge,ram wagon 1500
389,dodge,ram wagon 2500
390,dodge,ram wagon 3500
391,dodge,ram wagon b150
392,dodge,ram wagon b250
393,dodge,ram wagon b350
394,dodge,ramcharger
395,dodge,shadow
396,dodge,spirit
397,dodge,sprinter 2500 cargo
398,dodge,sprinter 2500 passenger
399,dodge,sprinter 3500 cargo
400,dodge,stealth
401,dodge,stratus
402,dodge,viper
403,eagle,premier
404,eagle,summit
405,eagle,talon
406,eagle,vision
407,ferrari,296 gtb
408,ferrari,296 gts
409,ferrari,430 scuderia
410,ferrari,458 italia
411,ferrari,458 speciale
412,ferrari,458 spider
413,ferrari,488 gtb
414,ferrari,488 pista
415,ferrari,488 spider
416,ferrari,599 gtb fiorano
417,ferrari,599 gto
418,ferrari,612 scaglietti
419,ferrari,812 gts
420,ferrari,812 superfast
421,ferrari,california
422,ferrari,f12berlinetta
423,ferrari,f430
424,ferrari,f8
425,ferrari,ff
426,ferrari,gtc4lusso
427,ferrari,portofino
428,ferrari,portofino m
429,ferrari,roma
430,ferrari,sf90
431,fiat,124 spider
432,fiat,500
433,fiat,500 abarth
434,fiat,500c
435,fiat,500c abarth
436,fiat,500e
437,fiat,500l
438,fiat,500x
439,fisker,karma
440,fisker,ocean
441,ford,aerostar cargo
442,ford,aerostar passenger
443,ford,aspire
444,ford,bronco
445,ford,bronco sport
446,ford,c-max energi
447,ford,c-max hybrid
448,ford,club wagon
449,ford,contour
450,ford,crown victoria
451,ford,e-transit 350 cargo van
452,ford,e150 cargo
453,ford,e150 passenger
454,ford,e150 super duty cargo
455,ford,e150 super duty passenger
456,ford,e250 cargo
457,ford,e250 super duty cargo
458,ford,e350 super duty cargo
459,ford,e350 super duty passenger
460,ford,econoline e150 cargo
461,ford,econoline e150 passenger
462,ford,econoline e250 cargo
463,ford,econoline e350 cargo
464,ford,econoline e350 super duty cargo
465,ford,econoline e350 super duty passenger
466,ford,ecosport
467,ford,edge
468,ford,escape
469,ford,escape plug-in hybrid
470,ford,escort
471,ford,excursion
472,ford,expedition
473,ford,expedition el
474,ford,expedition max
475,ford,explorer
476,ford,explorer sport
477,ford,explorer sport trac
478,ford,f150 (heritage) regular cab
479,ford,f150 (heritage) super cab
480,ford,f150 lightning
481,ford,f150 regular cab
482,ford,f150 super cab
483,ford,f150 supercrew cab
484,ford,f250 crew cab
485,ford,f250 regular cab
486,ford,f250 super cab
487,ford,f250 super duty crew cab
488,ford,f250 super duty regular cab
489,ford,f250 super duty super cab
490,ford,f350 crew cab
491,ford,f350 regular cab
492,ford,f350 super cab
493,ford,f350 super duty crew cab
494,ford,f350 super duty regular cab
495,ford,f350 super duty super cab
496,ford,f450 super duty crew cab
497,ford,f450 super duty regular cab
498,ford,festiva
499,ford,fiesta
500,ford,five hundred
501,ford,flex
502,ford,focus
503,ford,focus st
504,ford,freestar cargo
505,ford,freestar passenger
506,ford,freestyle
507,ford,fusion
508,ford,fusion energi
509,ford,fusion plug-in hybrid
510,ford,gt
511,ford,maverick
512,ford,mustang
513,ford,mustang mach-e
514,ford,probe
515,ford,ranger regular cab
516,ford,ranger super cab
517,ford,ranger supercab
518,ford,ranger supercrew
519,ford,taurus
520,ford,taurus x
521,ford,tempo
522,ford,thunderbird
523,ford,transit 150 cargo van
524,ford,transit 150 crew van
525,ford,transit 150 passenger van
526,ford,transit 150 van
527,ford,transit 150 wagon
528,ford,transit 250 cargo van
529,ford,transit 250 crew van
530,ford,transit 250 van
531,ford,transit 350 cargo van
532,ford,transit 350 crew van
533,ford,transit 350 hd cargo van
534,ford,transit 350 hd crew van
535,ford,transit 350 hd van
536,ford,transit 350 passenger van
537,ford,transit 350 van
538,ford,transit 350 wagon
539,ford,transit connect cargo
540,ford,transit connect cargo van
541,ford,transit connect passenger
542,ford,transit connect passenger wagon
543,ford,windstar cargo
544,ford,windstar passenger
545,ford,zx2
546,freightliner,sprinter 1500 cargo
547,freightliner,sprinter 1500 passenger
548,freightliner,sprinter 2500 cargo
549,freightliner,sprinter 2500 crew
550,freightliner,sprinter 2500 passenger
551,freightliner,sprinter 3500 cargo
552,freightliner,sprinter 3500 crew
553,freightliner,sprinter 3500 xd crew
554,freightliner,sprinter 3500xd cargo
555,freightliner,sprinter 4500 cargo
556,freightliner,sprinter 4500 crew
557,freightliner,sprinter worker cargo
558,freightliner,sprinter worker passenger
559,genesis,electrified g80
560,genesis,electrified gv70
561,genesis,g70
562,genesis,g80
563,genesis,g90
564,genesis,gv60
565,genesis,gv70
566,genesis,gv80
567,geo,metro
568,geo,prizm
569,geo,storm
570,geo,tracker
571,gmc,1500 club coupe
572,gmc,1500 regular cab
573,gmc,2500 club coupe
574,gmc,2500 crew cab
575,gmc,2500 hd club coupe
576,gmc,2500 hd extended cab
577,gmc,2500 hd regular cab
578,gmc,2500 regular cab
579,gmc,3500 club coupe
580,gmc,3500 crew cab
581,gmc,3500 extended cab
582,gmc,3500 regular cab
583,gmc,acadia
584,gmc,acadia limited
585,gmc,canyon crew cab
586,gmc,canyon extended cab
587,gmc,canyon regular cab
588,gmc,envoy
589,gmc,envoy xl
590,gmc,envoy xuv
591,gmc,hummer ev pickup
592,gmc,hummer ev suv
593,gmc,jimmy
594,gmc,rally wagon 1500
595,gmc,rally wagon 2500
596,gmc,rally wagon 3500
597,gmc,rally wagon g2500
598,gmc,rally wagon g3500
599,gmc,safari cargo
600,gmc,safari passenger
601,gmc,savana 1500 cargo
602,gmc,savana 1500 passenger
603,gmc,savana 2500 cargo
604,gmc,savana 2500 passenger
605,gmc,savana 3500 cargo
606,gmc,savana 3500 passenger
607,gmc,sierra (classic) 1500 crew cab
608,gmc,sierra (classic) 1500 extended cab
609,gmc,sierra (classic) 1500 hd crew cab
610,gmc,sierra (classic) 1500 regular cab
611,gmc,sierra (classic) 2500 crew cab
612,gmc,sierra (classic) 2500 hd crew cab
613,gmc,sierra (classic) 2500 hd extended cab
614,gmc,sierra (classic) 2500 hd regular cab
615,gmc,sierra (classic) 3500 crew cab
616,gmc,sierra (classic) 3500 extended cab
617,gmc,sierra (classic) 3500 regular cab
618,gmc,sierra 1500 crew cab
619,gmc,sierra 1500 double cab
620,gmc,sierra 1500 extended cab
621,gmc,sierra 1500 hd crew cab
622,gmc,sierra 1500 limited crew cab
623,gmc,sierra 1500 limited double cab
624,gmc,sierra 1500 limited regular cab
625,gmc,sierra 1500 regular cab
626,gmc,sierra 2500 crew cab
627,gmc,sierra 2500 extended cab
628,gmc,sierra 2500 hd crew cab
629,gmc,sierra 2500 hd double cab
630,gmc,sierra 2500 hd extended cab
631,gmc,sierra 2500 hd regular cab
632,gmc,sierra 2500 regular cab
633,gmc,sierra 3500 crew cab
634,gmc,sierra 3500 extended cab
635,gmc,sierra 3500 hd crew cab
636,gmc,sierra 3500 hd double cab
637,gmc,sierra 3500 hd extended cab
638,gmc,sierra 3500 hd regular cab
639,gmc,sierra 3500 regular cab
640,gmc,sonoma club cab
641,gmc,sonoma club coupe cab
642,gmc,sonoma crew cab
643,gmc,sonoma extended cab
644,gmc,sonoma regular cab
645,gmc,suburban 1500
646,gmc,suburban 2500
647,gmc,terrain
648,gmc,vandura 1500
649,gmc,vandura 2500
650,gmc,vandura 3500
651,gmc,vandura g1500
652,gmc,vandura g2500
653,gmc,vandura g3500
654,gmc,yukon
655,gmc,yukon denali
656,gmc,yukon xl
657,gmc,yukon xl 1500
658,gmc,yukon xl 2500
659,honda,accord
660,honda,accord crosstour
661,honda,accord hybrid
662,honda,civic
663,honda,civic type r
664,honda,clarity plug-in hybrid
665,honda,cr-v
666,honda,cr-v hybrid
667,honda,cr-z
668,honda,crosstour
669,honda,del sol
670,honda,element
671,honda,fit
672,honda,hr-v
673,honda,insight
674,honda,odyssey
675,honda,passport
676,honda,pilot
677,honda,prelude
678,honda,ridgeline
679,honda,s2000
680,hummer,h1
681,hummer,h2
682,hummer,h3
683,hummer,h3t
684,hyundai,accent
685,hyundai,azera
686,hyundai,elantra
687,hyundai,elantra gt
688,hyundai,elantra hybrid
689,hyundai,elantra n
690,hyundai,entourage
691,hyundai,equus
692,hyundai,excel
693,hyundai,genesis
694,hyundai,genesis coupe
695,hyundai,ioniq 5
696,hyundai,ioniq 6
697,hyundai,ioniq electric
698,hyundai,ioniq hybrid
699,hyundai,ioniq plug-in hybrid
700,hyundai,kona
701,hyundai,kona electric
702,hyundai,kona n
703,hyundai,nexo
704,hyundai,palisade
705,hyundai,santa cruz
706,hyundai,santa fe
707,hyundai,santa fe hybrid
708,hyundai,santa fe plug-in hybrid
709,hyundai,santa fe sport
710,hyundai,santa fe xl
711,hyundai,scoupe
712,hyundai,sonata
713,hyundai,sonata hybrid
714,hyundai,sonata plug-in hybrid
715,hyundai,tiburon
716,hyundai,tucson
717,hyundai,tucson hybrid
718,hyundai,tucson plug-in hybrid
719,hyundai,veloster
720,hyundai,venue
721,hyundai,veracruz
722,hyundai,xg300
723,hyundai,xg350
724,infiniti,ex
725,infiniti,fx
726,infiniti,g
727,infiniti,i
728,infiniti,j
729,infiniti,jx
730,infiniti,m
731,infiniti,q
732,infiniti,q40
733,infiniti,q50
734,infiniti,q60
735,infiniti,q70
736,infiniti,qx
737,infiniti,qx30
738,infiniti,qx50
739,infiniti,qx55
740,infiniti,qx60
741,infiniti,qx70
742,infiniti,qx80
743,isuzu,amigo
744,isuzu,ascender
745,isuzu,axiom
746,isuzu,hombre regular cab
747,isuzu,hombre spacecab
748,isuzu,i-280 extended cab
749,isuzu,i-290 extended cab
750,isuzu,i-350 crew cab
751,isuzu,i-370 crew cab
752,isuzu,i-370 extended cab
753,isuzu,impulse
754,isuzu,oasis
755,isuzu,regular cab
756,isuzu,rodeo
757,isuzu,rodeo sport
758,isuzu,spacecab
759,isuzu,stylus
760,isuzu,trooper
761,isuzu,vehicross
762,jaguar,e-pace
763,jaguar,f-pace
764,jaguar,f-type
765,jaguar,i-pace
766,jaguar,s-type
767,jaguar,x-type
768,jaguar,xe
769,jaguar,xf
770,jaguar,xj
771,jaguar,xk
772,jeep,cherokee
773,jeep,comanche regular cab
774,jeep,commander
775,jeep,compass
776,jeep,gladiator
777,jeep,grand cherokee
778,jeep,grand cherokee 4xe
779,jeep,grand cherokee l
780,jeep,grand wagoneer
781,jeep,grand wagoneer l
782,jeep,liberty
783,jeep,patriot
784,jeep,renegade
785,jeep,wagoneer
786,jeep,wagoneer l
787,jeep,wrangler
788,jeep,wrangler 2 door
789,jeep,wrangler 4 door
790,jeep,wrangler 4xe
791,jeep,wrangler unlimited
792,jeep,wrangler unlimited 4xe
793,kia,amanti
794,kia,borrego
795,kia,cadenza
796,kia,carnival
797,kia,ev6
798,kia,forte
799,kia,forte koup
800,kia,forte5
801,kia,k5
802,kia,k900
803,kia,niro
804,kia,niro ev
805,kia,niro plug-in hybrid
806,kia,optima
807,kia,optima (2006.5)
808,kia,optima hybrid
809,kia,optima plug-in hybrid
810,kia,rio
811,kia,rondo
812,kia,sedona
813,kia,seltos
814,kia,sephia
815,kia,sorento
816,kia,sorento hybrid
817,kia,sorento plug-in hybrid
818,kia,soul
819,kia,soul ev
820,kia,spectra
821,kia,sportage
822,kia,sportage hybrid
823,kia,sportage plug-in hybrid
824,kia,stinger
825,kia,telluride
826,lamborghini,aventador
827,lamborghini,gallardo
828,lamborghini,huracan
829,lamborghini,murcielago
830,lamborghini,murcielago lp640
831,lamborghini,urus
832,land rover,defender 110
833,land rover,defender 130
834,land rover,defender 90
835,land rover,discovery
836,land rover,discovery series ii
837,land rover,discovery sport
838,land rover,freelander
839,land rover,lr2
840,land rover,lr3
841,land rover,lr4
842,land rover,range rover
843,land rover,range rover evoque
844,land rover,range rover sport
845,land rover,range rover velar
846,lexus,ct
847,lexus,es
848,lexus,gs
849,lexus,gx
850,lexus,hs
851,lexus,is
852,lexus,is f
853,lexus,lc
854,lexus,lfa
855,lexus,ls
856,lexus,lx
857,lexus,nx
858,lexus,rc
859,lexus,rx
860,lexus,rz
861,lexus,sc
862,lexus,tx
863,lexus,ux
864,lincoln,aviator
865,lincoln,blackwood
866,lincoln,continental
867,lincoln,corsair
868,lincoln,ls
869,lincoln,mark lt
870,lincoln,mark vii
871,lincoln,mark viii
872,lincoln,mkc
873,lincoln,mks
874,lincoln,mkt
875,lincoln,mkx
876,lincoln,mkz
877,lincoln,nautilus
878,lincoln,navigator
879,lincoln,navigator l
880,lincoln,town car
881,lincoln,zephyr
882,lotus,elise
883,lotus,evora
884,lotus,evora 400
885,lotus,evora gt
886,lotus,exige
887,lotus,exige s
888,lucid,air
889,maserati,coupe
890,maserati,ghibli
891,maserati,gransport
892,maserati,granturismo
893,maserati,grecale
894,maserati,levante
895,maserati,mc20
896,maserati,quattroporte
897,maserati,spyder
898,maybach,57
899,maybach,62
900,mazda,323
901,mazda,626
902,mazda,929
903,mazda,b-series cab plus
904,mazda,b-series extended cab
905,mazda,b-series regular cab
906,mazda,cx-3
907,mazda,cx-30
908,mazda,cx-5
909,mazda,cx-50
910,mazda,cx-7
911,mazda,cx-9
912,mazda,cx-90
913,mazda,cx-90 phev
914,mazda,mazda2
915,mazda,mazda3
916,mazda,mazda5
917,mazda,mazda6
918,mazda,millenia
919,mazda,mpv
920,mazda,mx-3
921,mazda,mx-30
922,mazda,mx-5 miata
923,mazda,mx-5 miata rf
924,mazda,mx-6
925,mazda,navajo
926,mazda,protege
927,mazda,protege5
928,mazda,rx-7
929,mazda,rx-8
930,mazda,tribute
931,mclaren,570gt
932,mclaren,570s
933,mclaren,600lt
934,mclaren,650s
935,mclaren,675lt
936,mclaren,720s
937,mclaren,765lt
938,mclaren,artura
939,mclaren,gt
940,mclaren,mp4-12c
941,mclaren,p1
942,mercedes-benz,190 e
943,mercedes-benz,300 ce
944,mercedes-benz,300 d
945,mercedes-benz,300 e
946,mercedes-benz,300 sd
947,mercedes-benz,300 se
948,mercedes-benz,300 sl
949,mercedes-benz,300 te
950,mercedes-benz,400 e
951,mercedes-benz,400 se
952,mercedes-benz,400 sel
953,mercedes-benz,500 e
954,mercedes-benz,500 sec
955,mercedes-benz,500 sel
956,mercedes-benz,500 sl
957,mercedes-benz,600 sec
958,mercedes-benz,600 sel
959,mercedes-benz,600 sl
960,mercedes-benz,a-class
961,mercedes-benz,b-class
962,mercedes-benz,c-class
963,mercedes-benz,cl-class
964,mercedes-benz,cla
965,mercedes-benz,cla-class
966,mercedes-benz,clk-class
967,mercedes-benz,cls
968,mercedes-benz,cls-class
969,mercedes-benz,e-class
970,mercedes-benz,g-class
971,mercedes-benz,gl-class
972,mercedes-benz,gla
973,mercedes-benz,gla-class
974,mercedes-benz,glb
975,mercedes-benz,glc
976,mercedes-benz,glc coupe
977,mercedes-benz,gle
978,mercedes-benz,gle coupe
979,mercedes-benz,glk-class
980,mercedes-benz,gls
981,mercedes-benz,m-class
982,mercedes-benz,mercedes-amg a-class
983,mercedes-benz,mercedes-amg c-class
984,mercedes-benz,mercedes-amg cla
985,mercedes-benz,mercedes-amg cls
986,mercedes-benz,mercedes-amg e-class
987,mercedes-benz,mercedes-amg eqe
988,mercedes-benz,mercedes-amg eqs
989,mercedes-benz,mercedes-amg g-class
990,mercedes-benz,mercedes-amg gla
991,mercedes-benz,mercedes-amg glb
992,mercedes-benz,mercedes-amg glc
993,mercedes-benz,mercedes-amg glc coupe
994,mercedes-benz,mercedes-amg gle
995,mercedes-benz,mercedes-amg gle coupe
996,mercedes-benz,mercedes-amg gls
997,mercedes-benz,mercedes-amg gt
998,mercedes-benz,mercedes-amg s-class
999,mercedes-benz,mercedes-amg sl
1000,mercedes-benz,mercedes-amg slc
1001,mercedes-benz,mercedes-amg slk
1002,mercedes-benz,mercedes-eq eqb
1003,mercedes-benz,mercedes-eq eqe
1004,mercedes-benz,mercedes-eq eqe suv
1005,mercedes-benz,mercedes-eq eqs
1006,mercedes-benz,mercedes-eq eqs suv
1007,mercedes-benz,mercedes-maybach gls
1008,mercedes-benz,mercedes-maybach s 600
1009,mercedes-benz,mercedes-maybach s-class
1010,mercedes-benz,metris cargo
1011,mercedes-benz,metris passenger
1012,mercedes-benz,metris worker cargo
1013,mercedes-benz,metris worker passenger
1014,mercedes-benz,r-class
1015,mercedes-benz,s-class
1016,mercedes-benz,sl
1017,mercedes-benz,sl-class
1018,mercedes-benz,slc
1019,mercedes-benz,slk
1020,mercedes-benz,slk-class
1021,mercedes-benz,slr mclaren
1022,mercedes-benz,sls-class
1023,mercedes-benz,sprinter 1500 cargo
1024,mercedes-benz,sprinter 1500 passenger
1025,mercedes-benz,sprinter 2500 cargo
1026,mercedes-benz,sprinter 2500 crew
1027,mercedes-benz,sprinter 2500 passenger
1028,mercedes-benz,sprinter 3500 cargo
1029,mercedes-benz,sprinter 3500 crew
1030,mercedes-benz,sprinter 3500 xd cargo
1031,mercedes-benz,sprinter 3500 xd crew
1032,mercedes-benz,sprinter 4500 cargo
1033,mercedes-benz,sprinter 4500 crew
1034,mercedes-benz,sprinter worker cargo
1035,mercedes-benz,sprinter worker passenger
1036,mercury,capri
1037,mercury,cougar
1038,mercury,grand marquis
1039,mercury,marauder
1040,mercury,mariner
1041,mercury,milan
1042,mercury,montego
1043,mercury,monterey
1044,mercury,mountaineer
1045,mercury,mystique
1046,mercury,sable
1047,mercury,topaz
1048,mercury,tracer
1049,mercury,villager
1050,mini,clubman
1051,mini,convertible
1052,mini,cooper
1053,mini,countryman
1054,mini,coupe
1055,mini,hardtop
1056,mini,hardtop 2 door
1057,mini,hardtop 4 door
1058,mini,paceman
1059,mini,roadster
1060,mitsubishi,3000gt
1061,mitsubishi,diamante
1062,mitsubishi,eclipse
1063,mitsubishi,eclipse cross
1064,mitsubishi,endeavor
1065,mitsubishi,expo
1066,mitsubishi,galant
1067,mitsubishi,i-miev
1068,mitsubishi,lancer
1069,mitsubishi,lancer evolution
1070,mitsubishi,mighty max macro cab
1071,mitsubishi,mighty max regular cab
1072,mitsubishi,mirage
1073,mitsubishi,mirage g4
1074,mitsubishi,montero
1075,mitsubishi,montero sport
1076,mitsubishi,outlander
1077,mitsubishi,outlander phev
1078,mitsubishi,outlander sport
1079,mitsubishi,precis
1080,mitsubishi,raider double cab
1081,mitsubishi,raider extended cab
1082,nissan,200sx
1083,nissan,240sx
1084,nissan,300zx
1085,nissan,350z
1086,nissan,370z
1087,nissan,altima
1088,nissan,ariya
1089,nissan,armada
1090,nissan,cube
1091,nissan,frontier crew cab
1092,nissan,frontier king cab
1093,nissan,frontier regular cab
1094,nissan,gt-r
1095,nissan,juke
1096,nissan,kicks
1097,nissan,king cab
1098,nissan,leaf
1099,nissan,maxima
1100,nissan,murano
1101,nissan,nv1500 cargo
1102,nissan,nv200
1103,nissan,nv200 taxi
1104,nissan,nv2500 hd cargo
1105,nissan,nv3500 hd cargo
1106,nissan,nv3500 hd passenger
1107,nissan,nx
1108,nissan,pathfinder
1109,nissan,pathfinder armada
1110,nissan,quest
1111,nissan,regular cab
1112,nissan,rogue
1113,nissan,rogue select
1114,nissan,rogue sport
1115,nissan,sentra
1116,nissan,stanza
1117,nissan,titan crew cab
1118,nissan,titan king cab
1119,nissan,titan single cab
1120,nissan,titan xd crew cab
1121,nissan,titan xd king cab
1122,nissan,titan xd single cab
1123,nissan,versa
1124,nissan,versa note
1125,nissan,xterra
1126,nissan,z
1127,oldsmobile,88
1128,oldsmobile,98
1129,oldsmobile,achieva
1130,oldsmobile,alero
1131,oldsmobile,aurora
1132,oldsmobile,bravada
1133,oldsmobile,ciera
1134,oldsmobile,custom cruiser
1135,oldsmobile,cutlass
1136,oldsmobile,cutlass ciera
1137,oldsmobile,cutlass cruiser
1138,oldsmobile,cutlass supreme
1139,oldsmobile,intrigue
1140,oldsmobile,lss
1141,oldsmobile,regency
1142,oldsmobile,silhouette
1143,oldsmobile,toronado
1144,panoz,esperante
1145,plymouth,acclaim
1146,plymouth,breeze
1147,plymouth,colt
1148,plymouth,colt vista
1149,plymouth,grand voyager
1150,plymouth,laser
1151,plymouth,neon
1152,plymouth,prowler
1153,plymouth,sundance
1154,plymouth,voyager
1155,polestar,1
1156,polestar,2
1157,pontiac,aztek
1158,pontiac,bonneville
1159,pontiac,firebird
1160,pontiac,g3
1161,pontiac,g5
1162,pontiac,g6
1163,pontiac,g6 (2009.5)
1164,pontiac,g8
1165,pontiac,grand am
1166,pontiac,grand prix
1167,pontiac,gto
1168,pontiac,lemans
1169,pontiac,montana
1170,pontiac,montana sv6
1171,pontiac,solstice
1172,pontiac,sunbird
1173,pontiac,sunfire
1174,pontiac,torrent
1175,pontiac,trans sport
1176,pontiac,vibe
1177,porsche,718 boxster
1178,porsche,718 cayman
1179,porsche,718 spyder
1180,porsche,911
1181,porsche,918 spyder
1182,porsche,928
1183,porsche,968
1184,porsche,boxster
1185,porsche,carrera gt
1186,porsche,cayenne
1187,porsche,cayenne coupe
1188,porsche,cayman
1189,porsche,macan
1190,porsche,panamera
1191,porsche,taycan
1192,porsche,taycan cross turismo
1193,porsche,taycan sport turismo
1194,ram,1500 classic crew cab
1195,ram,1500 classic quad cab
1196,ram,1500 classic regular cab
1197,ram,1500 crew cab
1198,ram,1500 quad cab
1199,ram,1500 regular cab
1200,ram,2500 crew cab
1201,ram,2500 mega cab
1202,ram,2500 regular cab
1203,ram,3500 crew cab
1204,ram,3500 mega cab
1205,ram,3500 regular cab
1206,ram,c/v
1207,ram,c/v tradesman
1208,ram,dakota crew cab
1209,ram,dakota extended cab
1210,ram,promaster 1500 cargo
1211,ram,promaster 2500 cargo
1212,ram,promaster 3500 cargo
1213,ram,promaster cargo van
1214,ram,promaster city
1215,ram,promaster window van
1216,rivian,r1s
1217,rivian,r1t
1218,rolls-royce,cullinan
1219,rolls-royce,dawn
1220,rolls-royce,ghost
1221,rolls-royce,phantom
1222,rolls-royce,wraith
1223,saab,9-2x
1224,saab,9-3
1225,saab,9-4x
1226,saab,9-5
1227,saab,9-7x
1228,saab,900
1229,saab,9000
1230,saturn,astra
1231,saturn,aura
1232,saturn,ion
1233,saturn,l-series
1234,saturn,outlook
1235,saturn,relay
1236,saturn,s-series
1237,saturn,sky
1238,saturn,vue
1239,scion,fr-s
1240,scion,ia
1241,scion,im
1242,scion,iq
1243,scion,tc
1244,scion,xa
1245,scion,xb
1246,scion,xd
1247,smart,fortwo
1248,smart,fortwo cabrio
1249,smart,fortwo electric drive
1250,smart,fortwo electric drive cabrio
1251,smart,fortwo eq cabrio
1252,smart,fortwo eq coupe
1253,srt,viper
1254,subaru,ascent
1255,subaru,b9 tribeca
1256,subaru,baja
1257,subaru,brz
1258,subaru,crosstrek
1259,subaru,forester
1260,subaru,impreza
1261,subaru,justy
1262,subaru,legacy
1263,subaru,loyale
1264,subaru,outback
1265,subaru,svx
1266,subaru,tribeca
1267,subaru,wrx
1268,subaru,xv crosstrek
1269,suzuki,aerio
1270,suzuki,equator crew cab
1271,suzuki,equator extended cab
1272,suzuki,esteem
1273,suzuki,forenza
1274,suzuki,grand vitara
1275,suzuki,kizashi
1276,suzuki,reno
1277,suzuki,samurai
1278,suzuki,sidekick
1279,suzuki,swift
1280,suzuki,sx4
1281,suzuki,verona
1282,suzuki,vitara
1283,suzuki,x-90
1284,suzuki,xl-7
1285,suzuki,xl7
1286,tesla,model 3
1287,tesla,model s
1288,tesla,model x
1289,tesla,model y
1290,toyota,4runner
1291,toyota,86
1292,toyota,avalon
1293,toyota,avalon hybrid
1294,toyota,bz4x
1295,toyota,c-hr
1296,toyota,camry
1297,toyota,camry hybrid
1298,toyota,celica
1299,toyota,corolla
1300,toyota,corolla cross
1301,toyota,corolla cross hybrid
1302,toyota,corolla hatchback
1303,toyota,corolla hybrid
1304,toyota,corolla im
1305,toyota,cressida
1306,toyota,crown
1307,toyota,echo
1308,toyota,fj cruiser
1309,toyota,gr corolla
1310,toyota,gr supra
1311,toyota,gr86
1312,toyota,grand highlander
1313,toyota,grand highlander hybrid
1314,toyota,highlander
1315,toyota,highlander hybrid
1316,toyota,land cruiser
1317,toyota,matrix
1318,toyota,mirai
1319,toyota,mr2
1320,toyota,paseo
1321,toyota,previa
1322,toyota,prius
1323,toyota,prius c
1324,toyota,prius plug-in hybrid
1325,toyota,prius prime
1326,toyota,prius v
1327,toyota,rav4
1328,toyota,rav4 hybrid
1329,toyota,rav4 prime
1330,toyota,regular cab
1331,toyota,sequoia
1332,toyota,sienna
1333,toyota,solara
1334,toyota,supra
1335,toyota,t100 regular cab
1336,toyota,t100 xtracab
1337,toyota,tacoma access cab
1338,toyota,tacoma double cab
1339,toyota,tacoma regular cab
1340,toyota,tacoma xtracab
1341,toyota,tercel
1342,toyota,tundra access cab
1343,toyota,tundra crewmax
1344,toyota,tundra double cab
1345,toyota,tundra hybrid crewmax
1346,toyota,tundra regular cab
1347,toyota,venza
1348,toyota,xtra cab
1349,toyota,yaris
1350,toyota,yaris hatchback
1351,toyota,yaris ia
1352,volkswagen,arteon
1353,volkswagen,atlas
1354,volkswagen,atlas cross sport
1355,volkswagen,beetle
1356,volkswagen,cabrio
1357,volkswagen,cabrio (new)
1358,volkswagen,cabriolet
1359,volkswagen,cc
1360,volkswagen,corrado
1361,volkswagen,e-golf
1362,volkswagen,eos
1363,volkswagen,eurovan
1364,volkswagen,fox
1365,volkswagen,gli
1366,volkswagen,golf
1367,volkswagen,golf (new)
1368,volkswagen,golf alltrack
1369,volkswagen,golf gti
1370,volkswagen,golf iii
1371,volkswagen,golf r
1372,volkswagen,golf sportwagen
1373,volkswagen,gti
1374,volkswagen,gti (new)
1375,volkswagen,id.4
1376,volkswagen,jetta
1377,volkswagen,jetta (new)
1378,volkswagen,jetta gli
1379,volkswagen,jetta iii
1380,volkswagen,jetta sportwagen
1381,volkswagen,new beetle
1382,volkswagen,passat
1383,volkswagen,passat (new)
1384,volkswagen,phaeton
1385,volkswagen,r32
1386,volkswagen,rabbit
1387,volkswagen,routan
1388,volkswagen,taos
1389,volkswagen,tiguan
1390,volkswagen,tiguan limited
1391,volkswagen,touareg
1392,volkswagen,touareg 2
1393,volvo,240
1394,volvo,740
1395,volvo,850
1396,volvo,940
1397,volvo,960
1398,volvo,c30
1399,volvo,c40 recharge
1400,volvo,c70
1401,volvo,s40
1402,volvo,s40 (new)
1403,volvo,s60
1404,volvo,s70
1405,volvo,s80
1406,volvo,s90
1407,volvo,v40
1408,volvo,v50
1409,volvo,v60
1410,volvo,v70
1411,volvo,v90
1412,volvo,xc40
1413,volvo,xc40 recharge
1414,volvo,xc60
1415,volvo,xc70
1416,volvo,xc90
1438,bmw,3-series
1439,bmw,5-series
1440,bmw,6-series
1441,bmw,4-series
1442,bmw,xdrive
1443,bmw,330i
1444,bmw,alpina
1445,bmw,330ci
1446,bmw,328i
1447,bmw,330c
1448,bmw,335i
1449,bmw,335d
1450,bmw,528i
1451,bmw,535i
1452,bmw,128i
1453,bmw,640i
1454,bmw,3er
1455,bmw,5er
1457,bmw,e90
1460,bmw,bmws
1461,bmw,bmwesque
1463,buick,la crosse
1469,buick,buicks
1473,car,cars
1474,chevrolet,grand blazer
1477,chevrolet,silverado
1478,chevrolet,colorado
1483,chevrolet,captiva
1485,chevrolet,express
1486,chevrolet,lacetti
1487,chevrolet,montana
1488,chevrolet,uplander
1489,chevrolet,orlando
1490,chevrolet,tornado
1502,chevrolet,prisma
1503,chevrolet,tavera
1510,chevrolet,agile
1511,chevrolet,celta
1513,chevrolet,lanos
1514,chevrolet,omega
1515,chevrolet,optra
1524,chevrolet,lova
1525,chevrolet,n200
1526,chevrolet,niva
1527,chevrolet,onix
1528,chevrolet,s-10
1529,chevrolet,sail
1533,chevrolet,chevy
1534,chevrolet,malibus
1537,chrysler,town and country
1538,chrysler,chrysler 300
1539,chrysler,chrysler 200
1541,chrysler,cruiser
1544,chrysler,lx
1545,chrysler,chryslers
1557,dodge,ram
1558,ford,crownvictoria
1560,ford,supervan
1561,ford,freestar
1564,ford,ecoline
1565,ford,tourneo
1566,ford,everest
1570,ford,galaxy
1573,ford,f-150
1574,ford,c-max
1575,ford,s-max
1576,ford,kuga
1577,ford,cmax
1578,ford,f150
1579,ford,fords
1580,ford,fusions
1581,ford,fusionmilan
1584,honda,inspire
1585,honda,mobilio
1587,honda,shuttle
1588,honda,spirior
1589,honda,stepwgn
1590,honda,crider
1592,honda,legend
1594,honda,stream
1595,honda,amaze
1596,honda,hobio
1597,honda,n-box
1598,honda,n-one
1599,honda,n-wgn
1601,honda,vamos
1602,honda,vezel
1603,honda,spike
1604,honda,acty
1605,honda,brio
1606,honda,city
1609,honda,freed
1610,honda,jade
1611,honda,zest
1612,honda,aria
1613,honda,ex-l
1615,honda,jazz
1616,honda,nsx
1617,honda,nbox
1618,honda,exl
1619,honda,fcx
1620,honda,5dr
1621,honda,crv
1624,honda,hondas
1625,honda,accords
1626,honda,odessey
1628,hyndai kia,hyundaikia
1629,hyundai,centennial
1630,hyundai,grandeur
1635,hyundai,tuscani
1636,hyundai,dynasty
1637,hyundai,santamo
1638,hyundai,stellar
1640,hyundai,lantra
1641,hyundai,avante
1642,hyundai,santro
1645,hyundai,matrix
1646,hyundai,lavity
1647,hyundai,verna
1650,hyundai,xcent
1651,hyundai,click
1652,hyundai,atos
1653,hyundai,atoz
1654,hyundai,ix20
1655,hyundai,getz
1656,hyundai,pony
1657,hyundai,i10
1658,hyundai,i20
1659,hyundai,i30
1660,hyundai,i40
1661,hyundai,i45
1662,hyundai,xg
1663,hyundai,santa
1664,hyundai,sonatas
1665,hyundai,hyundais
1667,"hyundai,","excel,"
1668,hyundai.,excel.
1672,infiniti,fx35
1676,infiniti,g37
1677,infiniti,g35
1678,infiniti,g25
1679,infiniti,6mt
1680,infiniti,g35x
1686,kia,koup
1688,kia,kias
1690,"kia,",optima
1691,kia.,optima
1700,lexus,es300
1701,lexus,is350
1702,mazda,az-offroad
1703,mazda,az-wagon
1704,mazda,familia
1705,mazda,premacy
1706,mazda,biante
1707,mazda,carol
1708,mazda,scrum
1712,mazda,atenza
1714,mazda,mazda8
1715,mazda,bongo
1716,mazda,demio
1717,mazda,axela
1720,mazda,bt-50
1722,mazda,mx-5
1725,mazda,6i
1726,mazda,cx9
1727,mazda,cx5
1728,mazda,rx8
1729,mazda,mazdas
1730,mazda,mazda6s
1731,mazda,mazda6i
1732,mercedes,mercedes-benz
1733,mercedes,benz
1734,mercedes,cl-class
1735,mercedes,c-class
1736,mercedes,e-class
1737,mercedes,s-class
1738,mercedes,mercedesbenz
1739,mercedes benz,mercedes
1740,mercedes-benz,mercedes
1742,mercury,mercury
1746,nissan,frontier
1755,nissan,titan
1760,nissan,altimas
1761,nissan,nissans
1762,nissan.,quest.
1763,nissan.,"quest,"
1764,pontiac,streamliner
1768,pontiac,torpedo
1771,pontiac,wave
1773,pontiac,gxp
1777,pontiac,g4
1781,problem,problems
1783,seat,seats
1784,sedan,sedans
1785,subaru,outback sport
1786,subaru,grand wagon
1787,subaru,impreza xv
1789,subaru,lancaster
1793,subaru,liberty
1795,subaru,gravel
1797,subaru,sambar
1798,subaru,stella
1799,subaru,exiga
1800,subaru,pleo
1803,subaru,dex
1804,subaru,r1
1805,subaru,r2
1806,suzuki,every landy
1807,suzuki,cappuccino
1808,suzuki,mighty boy
1809,suzuki,geo metro
1810,suzuki,mr wagon
1811,suzuki,palette
1812,suzuki,wagon r
1814,suzuki,equator
1815,suzuki,splash
1816,suzuki,ertiga
1817,suzuki,cultus
1819,suzuki,fronte
1820,suzuki,escudo
1821,suzuki,lapin
1822,suzuki,solio
1824,suzuki,landy
1825,suzuki,jimny
1827,suzuki,liana
1828,suzuki,cervo
1829,suzuki,forsa
1830,suzuki,ignis
1834,suzuki,apv
1835,toyata,camrybest
1836,toyota,corolla/sprinter
1837,toyota,urban cruiser
1841,toyota,hilux surf
1842,toyota,fortuner
1843,toyota,stallion
1844,toyota,vanguard
1846,toyota,alphard
1847,toyota,avensis
1848,toyota,century
1849,toyota,coaster
1850,toyota,comfort
1851,toyota,granvia
1852,toyota,liteace
1853,toyota,scepter
1855,toyota,succeed
1856,toyota,townace
1857,toyota,toyoace
1858,toyota,venture
1859,toyota,allion
1860,toyota,aurion
1862,toyota,avanza
1863,toyota,condor
1864,toyota,fiedler
1865,toyota,majesta
1866,toyota,estima
1867,toyota,hiclass
1868,toyota,innova
1869,toyota,kijang
1870,toyota,kingdom
1871,toyota,kluger
1873,toyota,miniace
1874,toyota,picnic
1875,toyota,premio
1876,toyota,probox
1877,toyota,qualis
1878,toyota,ractis
1880,toyota,sienta
1881,toyota,sparky
1882,toyota,tacoma
1883,toyota,tamaraw
1884,toyota,tarago
1885,toyota,tundra
1886,toyota,vienta
1887,toyota,auris
1888,toyota,belta
1890,toyota,carri
1891,toyota,rumion
1892,toyota,etios
1893,toyota,hilux
1894,toyota,hiace
1895,toyota,mark x
1896,toyota,passo
1897,toyota,porte
1899,toyota,sofia
1900,toyota,tiara
1902,toyota,verso
1904,toyota,zelas
1905,toyota,aygo
1906,toyota,cami
1907,toyota,dyna
1908,toyota,isis
1909,toyota,nadia
1910,toyota,noah
1911,toyota,raum
1913,toyota,reiz
1914,toyota,vios
1915,toyota,voxy
1916,toyota,platz
1917,toyota,axio
1918,toyota,ist
1919,toyota,sai
1920,toyota,vitz
1922,toyota,bb
1923,toyota,iq
1924,toyota,zio
1928,toyota,camrys
1932,toyota,toyotas
1934,volkswagen,sportwagen
1935,volkswagen,touraeg
1944,volkswagen,volkwagen
1945,volkswagen,vw
1946,volkswagen,vws
1947,volkswagen,passats
1948,volkwagen,passat
