make,model
Acura,CL
Acura,ILX
Acura,Integra
Acura,Legend
Acura,MDX
Acura,MDX Sport Hybrid
Acura,NSX
Acura,RDX
Acura,RL
Acura,RLX
Acura,RLX Sport Hybrid
Acura,RSX
Acura,SLX
Acura,TL
Acura,TLX
Acura,TSX
Acura,Vigor
Acura,ZDX
Alfa Romeo,164
Alfa Romeo,4C
Alfa Romeo,4C Spider
Alfa Romeo,Giulia
Alfa Romeo,Spider
Alfa Romeo,Stelvio
Aston Martin,DB11
Aston Martin,DB12
Aston Martin,DB9
Aston Martin,DB9 GT
Aston Martin,DBS
Aston Martin,DBS Superleggera
Aston Martin,DBX
Aston Martin,Rapide
Aston Martin,Rapide S
Aston Martin,Vanquish
Aston Martin,Vanquish S
Aston Martin,Vantage
Aston Martin,Virage
Audi,100
Audi,80
Audi,90
Audi,A3
Audi,A3 Sportback e-tron
Audi,A4
Audi,A4 (2005.5)
Audi,A4 allroad
Audi,A5
Audi,A5 Sport
Audi,A6
Audi,A6 allroad
Audi,A7
Audi,A8
Audi,allroad
Audi,Cabriolet
Audi,e-tron
Audi,e-tron GT
Audi,e-tron S
Audi,e-tron S Sportback
Audi,e-tron Sportback
Audi,Q3
Audi,Q4 e-tron
Audi,Q4 Sportback e-tron
Audi,Q5
Audi,Q5 Sportback
Audi,Q7
Audi,Q8
Audi,Q8 e-tron
Audi,Q8 Sportback e-tron
Audi,Quattro
Audi,R8
Audi,RS 3
Audi,RS 4
Audi,RS 5
Audi,RS 6
Audi,RS 7
Audi,RS e-tron GT
Audi,RS Q8
Audi,S3
Audi,S4
Audi,S4 (2005.5)
Audi,S5
Audi,S6
Audi,S7
Audi,S8
Audi,SQ5
Audi,SQ5 Sportback
Audi,SQ7
Audi,SQ8
Audi,TT
Bentley,Arnage
Bentley,Azure
Bentley,Azure T
Bentley,Bentayga
Bentley,Bentayga EWB
Bentley,Brooklands
Bentley,Continental
Bentley,Continental GT
Bentley,Continental GTC
Bentley,Flying Spur
Bentley,Mulsanne
BMW,1 Series
BMW,2 Series
BMW,3 Series
BMW,4 Series
BMW,5 Series
BMW,6 Series
BMW,7 Series
BMW,8 Series
BMW,Alpina B7
BMW,i3
BMW,i4
BMW,i5
BMW,i7
BMW,i8
BMW,iX
BMW,M
BMW,M2
BMW,M3
BMW,M4
BMW,M5
BMW,M6
BMW,M8
BMW,X1
BMW,X2
BMW,X3
BMW,X3 M
BMW,X4
BMW,X4 M
BMW,X5
BMW,X5 M
BMW,X6
BMW,X6 M
BMW,X7
BMW,XM
BMW,Z3
BMW,Z4
BMW,Z4 M
BMW,Z8
Buick,Cascada
Buick,Century
Buick,Enclave
Buick,Encore
Buick,Encore GX
Buick,Envision
Buick,Envista
Buick,LaCrosse
Buick,LeSabre
Buick,Lucerne
Buick,Park Avenue
Buick,Rainier
Buick,Regal
Buick,Regal Sportback
Buick,Regal TourX
Buick,Rendezvous
Buick,Riviera
Buick,Roadmaster
Buick,Skylark
Buick,Terraza
Buick,Verano
Cadillac,Allante
Cadillac,ATS
Cadillac,ATS-V
Cadillac,Brougham
Cadillac,Catera
Cadillac,CT4
Cadillac,CT5
Cadillac,CT6
Cadillac,CT6-V
Cadillac,CTS
Cadillac,CTS-V
Cadillac,DeVille
Cadillac,DTS
Cadillac,Eldorado
Cadillac,ELR
Cadillac,Escalade
Cadillac,Escalade ESV
Cadillac,Escalade EXT
Cadillac,Fleetwood
Cadillac,LYRIQ
Cadillac,Seville
Cadillac,Sixty Special
Cadillac,SRX
Cadillac,STS
Cadillac,XLR
Cadillac,XT4
Cadillac,XT5
Cadillac,XT6
Cadillac,XTS
Chevrolet,1500 Extended Cab
Chevrolet,1500 Regular Cab
Chevrolet,2500 Crew Cab
Chevrolet,2500 Extended Cab
Chevrolet,2500 HD Extended Cab
Chevrolet,2500 HD Regular Cab
Chevrolet,2500 Regular Cab
Chevrolet,3500 Crew Cab
Chevrolet,3500 Extended Cab
Chevrolet,3500 HD Extended Cab
Chevrolet,3500 HD Regular Cab
Chevrolet,3500 Regular Cab
Chevrolet,APV Cargo
Chevrolet,Astro Cargo
Chevrolet,Astro Passenger
Chevrolet,Avalanche
Chevrolet,Avalanche 1500
Chevrolet,Avalanche 2500
Chevrolet,Aveo
Chevrolet,Beretta
Chevrolet,Blazer
Chevrolet,Bolt EUV
Chevrolet,Bolt EV
Chevrolet,Camaro
Chevrolet,Caprice
Chevrolet,Caprice Classic
Chevrolet,Captiva Sport
Chevrolet,Cavalier
Chevrolet,City Express
Chevrolet,Classic
Chevrolet,Cobalt
Chevrolet,Colorado Crew Cab
Chevrolet,Colorado Extended Cab
Chevrolet,Colorado Regular Cab
Chevrolet,Corsica
Chevrolet,Corvette
Chevrolet,Cruze
Chevrolet,Cruze Limited
Chevrolet,Equinox
Chevrolet,Express 1500 Cargo
Chevrolet,Express 1500 Passenger
Chevrolet,Express 2500 Cargo
Chevrolet,Express 2500 Passenger
Chevrolet,Express 3500 Cargo
Chevrolet,Express 3500 Passenger
Chevrolet,G-Series 1500
Chevrolet,G-Series 2500
Chevrolet,G-Series 3500
Chevrolet,G-Series G10
Chevrolet,G-Series G20
Chevrolet,G-Series G30
Chevrolet,HHR
Chevrolet,Impala
Chevrolet,Impala Limited
Chevrolet,Lumina
Chevrolet,Lumina APV
Chevrolet,Lumina Cargo
Chevrolet,Lumina Passenger
Chevrolet,Malibu
Chevrolet,Malibu (Classic)
Chevrolet,Malibu Limited
Chevrolet,Metro
Chevrolet,Monte Carlo
Chevrolet,Prizm
Chevrolet,S10 Blazer
Chevrolet,S10 Crew Cab
Chevrolet,S10 Extended Cab
Chevrolet,S10 Regular Cab
Chevrolet,Silverado (Classic) 1500 Crew Cab
Chevrolet,Silverado (Classic) 1500 Extended Cab
Chevrolet,Silverado (Classic) 1500 HD Crew Cab
Chevrolet,Silverado (Classic) 1500 Regular Cab
Chevrolet,Silverado (Classic) 2500 HD Crew Cab
Chevrolet,Silverado (Classic) 2500 HD Extended Cab
Chevrolet,Silverado (Classic) 2500 HD Regular Cab
Chevrolet,Silverado (Classic) 3500 Crew Cab
Chevrolet,Silverado (Classic) 3500 Extended Cab
Chevrolet,Silverado (Classic) 3500 Regular Cab
Chevrolet,Silverado 1500 Crew Cab
Chevrolet,Silverado 1500 Double Cab
Chevrolet,Silverado 1500 Extended Cab
Chevrolet,Silverado 1500 HD Crew Cab
Chevrolet,Silverado 1500 Limited Crew Cab
Chevrolet,Silverado 1500 Limited Double Cab
Chevrolet,Silverado 1500 Limited Regular Cab
Chevrolet,Silverado 1500 Regular Cab
Chevrolet,Silverado 2500 Crew Cab
Chevrolet,Silverado 2500 Extended Cab
Chevrolet,Silverado 2500 HD Crew Cab
Chevrolet,Silverado 2500 HD Double Cab
Chevrolet,Silverado 2500 HD Extended Cab
Chevrolet,Silverado 2500 HD Regular Cab
Chevrolet,Silverado 2500 Regular Cab
Chevrolet,Silverado 3500 Crew Cab
Chevrolet,Silverado 3500 Extended Cab
Chevrolet,Silverado 3500 HD Crew Cab
Chevrolet,Silverado 3500 HD Double Cab
Chevrolet,Silverado 3500 HD Extended Cab
Chevrolet,Silverado 3500 HD Regular Cab
Chevrolet,Silverado 3500 Regular Cab
Chevrolet,Sonic
Chevrolet,Spark
Chevrolet,Spark EV
Chevrolet,Sportvan G10
Chevrolet,Sportvan G20
Chevrolet,Sportvan G30
Chevrolet,SS
Chevrolet,SSR
Chevrolet,Suburban
Chevrolet,Suburban 1500
Chevrolet,Suburban 2500
Chevrolet,Suburban 3500HD
Chevrolet,Tahoe
Chevrolet,Tahoe (New)
Chevrolet,Tracker
Chevrolet,Trailblazer
Chevrolet,Traverse
Chevrolet,Trax
Chevrolet,Uplander Cargo
Chevrolet,Uplander Passenger
Chevrolet,Venture Cargo
Chevrolet,Venture Passenger
Chevrolet,Volt
Chrysler,200
Chrysler,300
Chrysler,300M
Chrysler,Aspen
Chrysler,Cirrus
Chrysler,Concorde
Chrysler,Crossfire
Chrysler,Fifth Ave
Chrysler,Grand Voyager
Chrysler,Imperial
Chrysler,LeBaron
Chrysler,LHS
Chrysler,New Yorker
Chrysler,Pacifica
Chrysler,Pacifica Hybrid
Chrysler,Prowler
Chrysler,PT Cruiser
Chrysler,Sebring
Chrysler,Town & Country
Chrysler,Voyager
Daewoo,Lanos
Daewoo,Leganza
Daewoo,Nubira
Daihatsu,Charade
Daihatsu,Rocky
Dodge,Avenger
Dodge,Caliber
Dodge,Caravan Cargo
Dodge,Caravan Passenger
Dodge,Challenger
Dodge,Charger
Dodge,Colt
Dodge,D150 Club Cab
Dodge,D150 Regular Cab
Dodge,D250 Club Cab
Dodge,D250 Regular Cab
Dodge,D350 Club Cab
Dodge,D350 Regular Cab
Dodge,Dakota Club Cab
Dodge,Dakota Crew Cab
Dodge,Dakota Extended Cab
Dodge,Dakota Quad Cab
Dodge,Dakota Regular Cab
Dodge,Dart
Dodge,Daytona
Dodge,Durango
Dodge,Dynasty
Dodge,Grand Caravan Cargo
Dodge,Grand Caravan Passenger
Dodge,Hornet
Dodge,Intrepid
Dodge,Journey
Dodge,Magnum
Dodge,Monaco
Dodge,Neon
Dodge,Nitro
Dodge,Ram 1500 Club Cab
Dodge,Ram 1500 Crew Cab
Dodge,Ram 1500 Mega Cab
Dodge,Ram 1500 Quad Cab
Dodge,Ram 1500 Regular Cab
Dodge,Ram 2500 Club Cab
Dodge,Ram 2500 Crew Cab
Dodge,Ram 2500 Mega Cab
Dodge,Ram 2500 Quad Cab
Dodge,Ram 2500 Regular Cab
Dodge,Ram 3500 Club Cab
Dodge,Ram 3500 Crew Cab
Dodge,Ram 3500 Mega Cab
Dodge,Ram 3500 Quad Cab
Dodge,Ram 3500 Regular Cab
Dodge,Ram 50 Regular Cab
Dodge,Ram Van 1500
Dodge,Ram Van 2500
Dodge,Ram Van 3500
Dodge,Ram Van B150
Dodge,Ram Van B250
Dodge,Ram Van B350
Dodge,Ram Wagon 1500
Dodge,Ram Wagon 2500
Dodge,Ram Wagon 3500
Dodge,Ram Wagon B150
Dodge,Ram Wagon B250
Dodge,Ram Wagon B350
Dodge,Ramcharger
Dodge,Shadow
Dodge,Spirit
Dodge,Sprinter 2500 Cargo
Dodge,Sprinter 2500 Passenger
Dodge,Sprinter 3500 Cargo
Dodge,Stealth
Dodge,Stratus
Dodge,Viper
Eagle,Premier
Eagle,Summit
Eagle,Talon
Eagle,Vision
Ferrari,296 GTB
Ferrari,296 GTS
Ferrari,430 Scuderia
Ferrari,458 Italia
Ferrari,458 Speciale
Ferrari,458 Spider
Ferrari,488 GTB
Ferrari,488 Pista
Ferrari,488 Spider
Ferrari,599 GTB Fiorano
Ferrari,599 GTO
Ferrari,612 Scaglietti
Ferrari,812 GTS
Ferrari,812 Superfast
Ferrari,California
Ferrari,F12berlinetta
Ferrari,F430
Ferrari,F8
Ferrari,FF
Ferrari,GTC4Lusso
Ferrari,Portofino
Ferrari,Portofino M
Ferrari,Roma
Ferrari,SF90
FIAT,124 Spider
FIAT,500
FIAT,500 Abarth
FIAT,500c
FIAT,500c Abarth
FIAT,500e
FIAT,500L
FIAT,500X
Fisker,Karma
Fisker,Ocean
Ford,Aerostar Cargo
Ford,Aerostar Passenger
Ford,Aspire
Ford,Bronco
Ford,Bronco Sport
Ford,C-MAX Energi
Ford,C-MAX Hybrid
Ford,Club Wagon
Ford,Contour
Ford,Crown Victoria
Ford,E-Transit 350 Cargo Van
Ford,E150 Cargo
Ford,E150 Passenger
Ford,E150 Super Duty Cargo
Ford,E150 Super Duty Passenger
Ford,E250 Cargo
Ford,E250 Super Duty Cargo
Ford,E350 Super Duty Cargo
Ford,E350 Super Duty Passenger
Ford,Econoline E150 Cargo
Ford,Econoline E150 Passenger
Ford,Econoline E250 Cargo
Ford,Econoline E350 Cargo
Ford,Econoline E350 Super Duty Cargo
Ford,Econoline E350 Super Duty Passenger
Ford,EcoSport
Ford,Edge
Ford,Escape
Ford,Escape Plug-in Hybrid
Ford,Escort
Ford,Excursion
Ford,Expedition
Ford,Expedition EL
Ford,Expedition MAX
Ford,Explorer
Ford,Explorer Sport
Ford,Explorer Sport Trac
Ford,F150 (Heritage) Regular Cab
Ford,F150 (Heritage) Super Cab
Ford,F150 Lightning
Ford,F150 Regular Cab
Ford,F150 Super Cab
Ford,F150 SuperCrew Cab
Ford,F250 Crew Cab
Ford,F250 Regular Cab
Ford,F250 Super Cab
Ford,F250 Super Duty Crew Cab
Ford,F250 Super Duty Regular Cab
Ford,F250 Super Duty Super Cab
Ford,F350 Crew Cab
Ford,F350 Regular Cab
Ford,F350 Super Cab
Ford,F350 Super Duty Crew Cab
Ford,F350 Super Duty Regular Cab
Ford,F350 Super Duty Super Cab
Ford,F450 Super Duty Crew Cab
Ford,F450 Super Duty Regular Cab
Ford,Festiva
Ford,Fiesta
Ford,Five Hundred
Ford,Flex
Ford,Focus
Ford,Focus ST
Ford,Freestar Cargo
Ford,Freestar Passenger
Ford,Freestyle
Ford,Fusion
Ford,Fusion Energi
Ford,Fusion Plug-in Hybrid
Ford,GT
Ford,Maverick
Ford,Mustang
Ford,Mustang MACH-E
Ford,Probe
Ford,Ranger Regular Cab
Ford,Ranger Super Cab
Ford,Ranger SuperCab
Ford,Ranger SuperCrew
Ford,Taurus
Ford,Taurus X
Ford,Tempo
Ford,Thunderbird
Ford,Transit 150 Cargo Van
Ford,Transit 150 Crew Van
Ford,Transit 150 Passenger Van
Ford,Transit 150 Van
Ford,Transit 150 Wagon
Ford,Transit 250 Cargo Van
Ford,Transit 250 Crew Van
Ford,Transit 250 Van
Ford,Transit 350 Cargo Van
Ford,Transit 350 Crew Van
Ford,Transit 350 HD Cargo Van
Ford,Transit 350 HD Crew Van
Ford,Transit 350 HD Van
Ford,Transit 350 Passenger Van
Ford,Transit 350 Van
Ford,Transit 350 Wagon
Ford,Transit Connect Cargo
Ford,Transit Connect Cargo Van
Ford,Transit Connect Passenger
Ford,Transit Connect Passenger Wagon
Ford,Windstar Cargo
Ford,Windstar Passenger
Ford,ZX2
Freightliner,Sprinter 1500 Cargo
Freightliner,Sprinter 1500 Passenger
Freightliner,Sprinter 2500 Cargo
Freightliner,Sprinter 2500 Crew
Freightliner,Sprinter 2500 Passenger
Freightliner,Sprinter 3500 Cargo
Freightliner,Sprinter 3500 Crew
Freightliner,Sprinter 3500 XD Crew
Freightliner,Sprinter 3500XD Cargo
Freightliner,Sprinter 4500 Cargo
Freightliner,Sprinter 4500 Crew
Freightliner,Sprinter WORKER Cargo
Freightliner,Sprinter WORKER Passenger
Genesis,Electrified G80
Genesis,Electrified GV70
Genesis,G70
Genesis,G80
Genesis,G90
Genesis,GV60
Genesis,GV70
Genesis,GV80
Geo,Metro
Geo,Prizm
Geo,Storm
Geo,Tracker
GMC,1500 Club Coupe
GMC,1500 Regular Cab
GMC,2500 Club Coupe
GMC,2500 Crew Cab
GMC,2500 HD Club Coupe
GMC,2500 HD Extended Cab
GMC,2500 HD Regular Cab
GMC,2500 Regular Cab
GMC,3500 Club Coupe
GMC,3500 Crew Cab
GMC,3500 Extended Cab
GMC,3500 Regular Cab
GMC,Acadia
GMC,Acadia Limited
GMC,Canyon Crew Cab
GMC,Canyon Extended Cab
GMC,Canyon Regular Cab
GMC,Envoy
GMC,Envoy XL
GMC,Envoy XUV
GMC,HUMMER EV Pickup
GMC,HUMMER EV SUV
GMC,Jimmy
GMC,Rally Wagon 1500
GMC,Rally Wagon 2500
GMC,Rally Wagon 3500
GMC,Rally Wagon G2500
GMC,Rally Wagon G3500
GMC,Safari Cargo
GMC,Safari Passenger
GMC,Savana 1500 Cargo
GMC,Savana 1500 Passenger
GMC,Savana 2500 Cargo
GMC,Savana 2500 Passenger
GMC,Savana 3500 Cargo
GMC,Savana 3500 Passenger
GMC,Sierra (Classic) 1500 Crew Cab
GMC,Sierra (Classic) 1500 Extended Cab
GMC,Sierra (Classic) 1500 HD Crew Cab
GMC,Sierra (Classic) 1500 Regular Cab
GMC,Sierra (Classic) 2500 Crew Cab
GMC,Sierra (Classic) 2500 HD Crew Cab
GMC,Sierra (Classic) 2500 HD Extended Cab
GMC,Sierra (Classic) 2500 HD Regular Cab
GMC,Sierra (Classic) 3500 Crew Cab
GMC,Sierra (Classic) 3500 Extended Cab
GMC,Sierra (Classic) 3500 Regular Cab
GMC,Sierra 1500 Crew Cab
GMC,Sierra 1500 Double Cab
GMC,Sierra 1500 Extended Cab
GMC,Sierra 1500 HD Crew Cab
GMC,Sierra 1500 Limited Crew Cab
GMC,Sierra 1500 Limited Double Cab
GMC,Sierra 1500 Limited Regular Cab
GMC,Sierra 1500 Regular Cab
GMC,Sierra 2500 Crew Cab
GMC,Sierra 2500 Extended Cab
GMC,Sierra 2500 HD Crew Cab
GMC,Sierra 2500 HD Double Cab
GMC,Sierra 2500 HD Extended Cab
GMC,Sierra 2500 HD Regular Cab
GMC,Sierra 2500 Regular Cab
GMC,Sierra 3500 Crew Cab
GMC,Sierra 3500 Extended Cab
GMC,Sierra 3500 HD Crew Cab
GMC,Sierra 3500 HD Double Cab
GMC,Sierra 3500 HD Extended Cab
GMC,Sierra 3500 HD Regular Cab
GMC,Sierra 3500 Regular Cab
GMC,Sonoma Club Cab
GMC,Sonoma Club Coupe Cab
GMC,Sonoma Crew Cab
GMC,Sonoma Extended Cab
GMC,Sonoma Regular Cab
GMC,Suburban 1500
GMC,Suburban 2500
GMC,Terrain
GMC,Vandura 1500
GMC,Vandura 2500
GMC,Vandura 3500
GMC,Vandura G1500
GMC,Vandura G2500
GMC,Vandura G3500
GMC,Yukon
GMC,Yukon Denali
GMC,Yukon XL
GMC,Yukon XL 1500
GMC,Yukon XL 2500
Honda,Accord
Honda,Accord Crosstour
Honda,Accord Hybrid
Honda,Civic
Honda,Civic Type R
Honda,Clarity Plug-in Hybrid
Honda,CR-V
Honda,CR-V Hybrid
Honda,CR-Z
Honda,Crosstour
Honda,del Sol
Honda,Element
Honda,Fit
Honda,HR-V
Honda,Insight
Honda,Odyssey
Honda,Passport
Honda,Pilot
Honda,Prelude
Honda,Ridgeline
Honda,S2000
HUMMER,H1
HUMMER,H2
HUMMER,H3
HUMMER,H3T
Hyundai,Accent
Hyundai,Azera
Hyundai,Elantra
Hyundai,Elantra GT
Hyundai,Elantra Hybrid
Hyundai,Elantra N
Hyundai,Entourage
Hyundai,Equus
Hyundai,Excel
Hyundai,Genesis
Hyundai,Genesis Coupe
Hyundai,IONIQ 5
Hyundai,IONIQ 6
Hyundai,Ioniq Electric
Hyundai,Ioniq Hybrid
Hyundai,Ioniq Plug-in Hybrid
Hyundai,Kona
Hyundai,Kona Electric
Hyundai,Kona N
Hyundai,NEXO
Hyundai,Palisade
Hyundai,Santa Cruz
Hyundai,Santa Fe
Hyundai,Santa Fe Hybrid
Hyundai,Santa Fe Plug-in Hybrid
Hyundai,Santa Fe Sport
Hyundai,Santa Fe XL
Hyundai,Scoupe
Hyundai,Sonata
Hyundai,Sonata Hybrid
Hyundai,Sonata Plug-in Hybrid
Hyundai,Tiburon
Hyundai,Tucson
Hyundai,Tucson Hybrid
Hyundai,Tucson Plug-in Hybrid
Hyundai,Veloster
Hyundai,Venue
Hyundai,Veracruz
Hyundai,XG300
Hyundai,XG350
INFINITI,EX
INFINITI,FX
INFINITI,G
INFINITI,I
INFINITI,J
INFINITI,JX
INFINITI,M
INFINITI,Q
INFINITI,Q40
INFINITI,Q50
INFINITI,Q60
INFINITI,Q70
INFINITI,QX
INFINITI,QX30
INFINITI,QX50
INFINITI,QX55
INFINITI,QX60
INFINITI,QX70
INFINITI,QX80
Isuzu,Amigo
Isuzu,Ascender
Isuzu,Axiom
Isuzu,Hombre Regular Cab
Isuzu,Hombre Spacecab
Isuzu,i-280 Extended Cab
Isuzu,i-290 Extended Cab
Isuzu,i-350 Crew Cab
Isuzu,i-370 Crew Cab
Isuzu,i-370 Extended Cab
Isuzu,Impulse
Isuzu,Oasis
Isuzu,Regular Cab
Isuzu,Rodeo
Isuzu,Rodeo Sport
Isuzu,Spacecab
Isuzu,Stylus
Isuzu,Trooper
Isuzu,VehiCROSS
Jaguar,E-PACE
Jaguar,F-PACE
Jaguar,F-TYPE
Jaguar,I-PACE
Jaguar,S-Type
Jaguar,X-Type
Jaguar,XE
Jaguar,XF
Jaguar,XJ
Jaguar,XK
Jeep,Cherokee
Jeep,Comanche Regular Cab
Jeep,Commander
Jeep,Compass
Jeep,Gladiator
Jeep,Grand Cherokee
Jeep,Grand Cherokee 4xe
Jeep,Grand Cherokee L
Jeep,Grand Wagoneer
Jeep,Grand Wagoneer L
Jeep,Liberty
Jeep,Patriot
Jeep,Renegade
Jeep,Wagoneer
Jeep,Wagoneer L
Jeep,Wrangler
Jeep,Wrangler 2 Door
Jeep,Wrangler 4 Door
Jeep,Wrangler 4xe
Jeep,Wrangler Unlimited
Jeep,Wrangler Unlimited 4xe
Kia,Amanti
Kia,Borrego
Kia,Cadenza
Kia,Carnival
Kia,EV6
Kia,Forte
Kia,Forte Koup
Kia,Forte5
Kia,K5
Kia,K900
Kia,Niro
Kia,Niro EV
Kia,Niro Plug-in Hybrid
Kia,Optima
Kia,Optima (2006.5)
Kia,Optima Hybrid
Kia,Optima Plug-in Hybrid
Kia,Rio
Kia,Rondo
Kia,Sedona
Kia,Seltos
Kia,Sephia
Kia,Sorento
Kia,Sorento Hybrid
Kia,Sorento Plug-in Hybrid
Kia,Soul
Kia,Soul EV
Kia,Spectra
Kia,Sportage
Kia,Sportage Hybrid
Kia,Sportage Plug-in Hybrid
Kia,Stinger
Kia,Telluride
Lamborghini,Aventador
Lamborghini,Gallardo
Lamborghini,Huracan
Lamborghini,Murcielago
Lamborghini,Murcielago LP640
Lamborghini,Urus
Land Rover,Defender 110
Land Rover,Defender 130
Land Rover,Defender 90
Land Rover,Discovery
Land Rover,Discovery Series II
Land Rover,Discovery Sport
Land Rover,Freelander
Land Rover,LR2
Land Rover,LR3
Land Rover,LR4
Land Rover,Range Rover
Land Rover,Range Rover Evoque
Land Rover,Range Rover Sport
Land Rover,Range Rover Velar
Lexus,CT
Lexus,ES
Lexus,GS
Lexus,GX
Lexus,HS
Lexus,IS
Lexus,IS F
Lexus,LC
Lexus,LFA
Lexus,LS
Lexus,LX
Lexus,NX
Lexus,RC
Lexus,RX
Lexus,RZ
Lexus,SC
Lexus,TX
Lexus,UX
Lincoln,Aviator
Lincoln,Blackwood
Lincoln,Continental
Lincoln,Corsair
Lincoln,LS
Lincoln,Mark LT
Lincoln,Mark VII
Lincoln,Mark VIII
Lincoln,MKC
Lincoln,MKS
Lincoln,MKT
Lincoln,MKX
Lincoln,MKZ
Lincoln,Nautilus
Lincoln,Navigator
Lincoln,Navigator L
Lincoln,Town Car
Lincoln,Zephyr
Lotus,Elise
Lotus,Evora
Lotus,Evora 400
Lotus,Evora GT
Lotus,Exige
Lotus,Exige S
Lucid,Air
Maserati,Coupe
Maserati,Ghibli
Maserati,GranSport
Maserati,GranTurismo
Maserati,Grecale
Maserati,Levante
Maserati,MC20
Maserati,Quattroporte
Maserati,Spyder
Maybach,57
Maybach,62
MAZDA,323
MAZDA,626
MAZDA,929
MAZDA,B-Series Cab Plus
MAZDA,B-Series Extended Cab
MAZDA,B-Series Regular Cab
MAZDA,CX-3
MAZDA,CX-30
MAZDA,CX-5
MAZDA,CX-50
MAZDA,CX-7
MAZDA,CX-9
MAZDA,CX-90
MAZDA,CX-90 PHEV
MAZDA,MAZDA2
MAZDA,MAZDA3
MAZDA,MAZDA5
MAZDA,MAZDA6
MAZDA,Millenia
MAZDA,MPV
MAZDA,MX-3
MAZDA,MX-30
MAZDA,MX-5 Miata
MAZDA,MX-5 Miata RF
MAZDA,MX-6
MAZDA,Navajo
MAZDA,Protege
MAZDA,Protege5
MAZDA,RX-7
MAZDA,RX-8
MAZDA,Tribute
McLaren,570GT
McLaren,570S
McLaren,600LT
McLaren,650S
McLaren,675LT
McLaren,720S
McLaren,765LT
McLaren,Artura
McLaren,GT
McLaren,MP4-12C
McLaren,P1
Mercedes-Benz,190 E
Mercedes-Benz,300 CE
Mercedes-Benz,300 D
Mercedes-Benz,300 E
Mercedes-Benz,300 SD
Mercedes-Benz,300 SE
Mercedes-Benz,300 SL
Mercedes-Benz,300 TE
Mercedes-Benz,400 E
Mercedes-Benz,400 SE
Mercedes-Benz,400 SEL
Mercedes-Benz,500 E
Mercedes-Benz,500 SEC
Mercedes-Benz,500 SEL
Mercedes-Benz,500 SL
Mercedes-Benz,600 SEC
Mercedes-Benz,600 SEL
Mercedes-Benz,600 SL
Mercedes-Benz,A-Class
Mercedes-Benz,B-Class
Mercedes-Benz,C-Class
Mercedes-Benz,CL-Class
Mercedes-Benz,CLA
Mercedes-Benz,CLA-Class
Mercedes-Benz,CLK-Class
Mercedes-Benz,CLS
Mercedes-Benz,CLS-Class
Mercedes-Benz,E-Class
Mercedes-Benz,G-Class
Mercedes-Benz,GL-Class
Mercedes-Benz,GLA
Mercedes-Benz,GLA-Class
Mercedes-Benz,GLB
Mercedes-Benz,GLC
Mercedes-Benz,GLC Coupe
Mercedes-Benz,GLE
Mercedes-Benz,GLE Coupe
Mercedes-Benz,GLK-Class
Mercedes-Benz,GLS
Mercedes-Benz,M-Class
Mercedes-Benz,Mercedes-AMG A-Class
Mercedes-Benz,Mercedes-AMG C-Class
Mercedes-Benz,Mercedes-AMG CLA
Mercedes-Benz,Mercedes-AMG CLS
Mercedes-Benz,Mercedes-AMG E-Class
Mercedes-Benz,Mercedes-AMG EQE
Mercedes-Benz,Mercedes-AMG EQS
Mercedes-Benz,Mercedes-AMG G-Class
Mercedes-Benz,Mercedes-AMG GLA
Mercedes-Benz,Mercedes-AMG GLB
Mercedes-Benz,Mercedes-AMG GLC
Mercedes-Benz,Mercedes-AMG GLC Coupe
Mercedes-Benz,Mercedes-AMG GLE
Mercedes-Benz,Mercedes-AMG GLE Coupe
Mercedes-Benz,Mercedes-AMG GLS
Mercedes-Benz,Mercedes-AMG GT
Mercedes-Benz,Mercedes-AMG S-Class
Mercedes-Benz,Mercedes-AMG SL
Mercedes-Benz,Mercedes-AMG SLC
Mercedes-Benz,Mercedes-AMG SLK
Mercedes-Benz,Mercedes-EQ EQB
Mercedes-Benz,Mercedes-EQ EQE
Mercedes-Benz,Mercedes-EQ EQE SUV
Mercedes-Benz,Mercedes-EQ EQS
Mercedes-Benz,Mercedes-EQ EQS SUV
Mercedes-Benz,Mercedes-Maybach GLS
Mercedes-Benz,Mercedes-Maybach S 600
Mercedes-Benz,Mercedes-Maybach S-Class
Mercedes-Benz,Metris Cargo
Mercedes-Benz,Metris Passenger
Mercedes-Benz,Metris WORKER Cargo
Mercedes-Benz,Metris WORKER Passenger
Mercedes-Benz,R-Class
Mercedes-Benz,S-Class
Mercedes-Benz,SL
Mercedes-Benz,SL-Class
Mercedes-Benz,SLC
Mercedes-Benz,SLK
Mercedes-Benz,SLK-Class
Mercedes-Benz,SLR McLaren
Mercedes-Benz,SLS-Class
Mercedes-Benz,Sprinter 1500 Cargo
Mercedes-Benz,Sprinter 1500 Passenger
Mercedes-Benz,Sprinter 2500 Cargo
Mercedes-Benz,Sprinter 2500 Crew
Mercedes-Benz,Sprinter 2500 Passenger
Mercedes-Benz,Sprinter 3500 Cargo
Mercedes-Benz,Sprinter 3500 Crew
Mercedes-Benz,Sprinter 3500 XD Cargo
Mercedes-Benz,Sprinter 3500 XD Crew
Mercedes-Benz,Sprinter 4500 Cargo
Mercedes-Benz,Sprinter 4500 Crew
Mercedes-Benz,Sprinter WORKER Cargo
Mercedes-Benz,Sprinter WORKER Passenger
Mercury,Capri
Mercury,Cougar
Mercury,Grand Marquis
Mercury,Marauder
Mercury,Mariner
Mercury,Milan
Mercury,Montego
Mercury,Monterey
Mercury,Mountaineer
Mercury,Mystique
Mercury,Sable
Mercury,Topaz
Mercury,Tracer
Mercury,Villager
MINI,Clubman
MINI,Convertible
MINI,Cooper
MINI,Countryman
MINI,Coupe
MINI,Hardtop
MINI,Hardtop 2 Door
MINI,Hardtop 4 Door
MINI,Paceman
MINI,Roadster
Mitsubishi,3000GT
Mitsubishi,Diamante
Mitsubishi,Eclipse
Mitsubishi,Eclipse Cross
Mitsubishi,Endeavor
Mitsubishi,Expo
Mitsubishi,Galant
Mitsubishi,i-MiEV
Mitsubishi,Lancer
Mitsubishi,Lancer Evolution
Mitsubishi,Mighty Max Macro Cab
Mitsubishi,Mighty Max Regular Cab
Mitsubishi,Mirage
Mitsubishi,Mirage G4
Mitsubishi,Montero
Mitsubishi,Montero Sport
Mitsubishi,Outlander
Mitsubishi,Outlander PHEV
Mitsubishi,Outlander Sport
Mitsubishi,Precis
Mitsubishi,Raider Double Cab
Mitsubishi,Raider Extended Cab
Nissan,200SX
Nissan,240SX
Nissan,300ZX
Nissan,350Z
Nissan,370Z
Nissan,Altima
Nissan,Ariya
Nissan,Armada
Nissan,cube
Nissan,Frontier Crew Cab
Nissan,Frontier King Cab
Nissan,Frontier Regular Cab
Nissan,GT-R
Nissan,JUKE
Nissan,Kicks
Nissan,King Cab
Nissan,LEAF
Nissan,Maxima
Nissan,Murano
Nissan,NV1500 Cargo
Nissan,NV200
Nissan,NV200 Taxi
Nissan,NV2500 HD Cargo
Nissan,NV3500 HD Cargo
Nissan,NV3500 HD Passenger
Nissan,NX
Nissan,Pathfinder
Nissan,Pathfinder Armada
Nissan,Quest
Nissan,Regular Cab
Nissan,Rogue
Nissan,Rogue Select
Nissan,Rogue Sport
Nissan,Sentra
Nissan,Stanza
Nissan,Titan Crew Cab
Nissan,Titan King Cab
Nissan,TITAN Single Cab
Nissan,TITAN XD Crew Cab
Nissan,TITAN XD King Cab
Nissan,TITAN XD Single Cab
Nissan,Versa
Nissan,Versa Note
Nissan,Xterra
Nissan,Z
Oldsmobile,88
Oldsmobile,98
Oldsmobile,Achieva
Oldsmobile,Alero
Oldsmobile,Aurora
Oldsmobile,Bravada
Oldsmobile,Ciera
Oldsmobile,Custom Cruiser
Oldsmobile,Cutlass
Oldsmobile,Cutlass Ciera
Oldsmobile,Cutlass Cruiser
Oldsmobile,Cutlass Supreme
Oldsmobile,Intrigue
Oldsmobile,LSS
Oldsmobile,Regency
Oldsmobile,Silhouette
Oldsmobile,Toronado
Panoz,Esperante
Plymouth,Acclaim
Plymouth,Breeze
Plymouth,Colt
Plymouth,Colt Vista
Plymouth,Grand Voyager
Plymouth,Laser
Plymouth,Neon
Plymouth,Prowler
Plymouth,Sundance
Plymouth,Voyager
Polestar,1
Polestar,2
Pontiac,Aztek
Pontiac,Bonneville
Pontiac,Firebird
Pontiac,G3
Pontiac,G5
Pontiac,G6
Pontiac,G6 (2009.5)
Pontiac,G8
Pontiac,Grand Am
Pontiac,Grand Prix
Pontiac,GTO
Pontiac,LeMans
Pontiac,Montana
Pontiac,Montana SV6
Pontiac,Solstice
Pontiac,Sunbird
Pontiac,Sunfire
Pontiac,Torrent
Pontiac,Trans Sport
Pontiac,Vibe
Porsche,718 Boxster
Porsche,718 Cayman
Porsche,718 Spyder
Porsche,911
Porsche,918 Spyder
Porsche,928
Porsche,968
Porsche,Boxster
Porsche,Carrera GT
Porsche,Cayenne
Porsche,Cayenne Coupe
Porsche,Cayman
Porsche,Macan
Porsche,Panamera
Porsche,Taycan
Porsche,Taycan Cross Turismo
Porsche,Taycan Sport Turismo
Ram,1500 Classic Crew Cab
Ram,1500 Classic Quad Cab
Ram,1500 Classic Regular Cab
Ram,1500 Crew Cab
Ram,1500 Quad Cab
Ram,1500 Regular Cab
Ram,2500 Crew Cab
Ram,2500 Mega Cab
Ram,2500 Regular Cab
Ram,3500 Crew Cab
Ram,3500 Mega Cab
Ram,3500 Regular Cab
Ram,C/V
Ram,C/V Tradesman
Ram,Dakota Crew Cab
Ram,Dakota Extended Cab
Ram,ProMaster 1500 Cargo
Ram,ProMaster 2500 Cargo
Ram,ProMaster 3500 Cargo
Ram,ProMaster Cargo Van
Ram,ProMaster City
Ram,ProMaster Window Van
Rivian,R1S
Rivian,R1T
Rolls-Royce,Cullinan
Rolls-Royce,Dawn
Rolls-Royce,Ghost
Rolls-Royce,Phantom
Rolls-Royce,Wraith
Saab,9-2X
Saab,9-3
Saab,9-4X
Saab,9-5
Saab,9-7X
Saab,900
Saab,9000
Saturn,Astra
Saturn,Aura
Saturn,Ion
Saturn,L-Series
Saturn,Outlook
Saturn,Relay
Saturn,S-Series
Saturn,SKY
Saturn,VUE
Scion,FR-S
Scion,iA
Scion,iM
Scion,iQ
Scion,tC
Scion,xA
Scion,xB
Scion,xD
smart,fortwo
smart,fortwo cabrio
smart,fortwo electric drive
smart,fortwo electric drive cabrio
smart,fortwo EQ cabrio
smart,fortwo EQ coupe
SRT,Viper
Subaru,Ascent
Subaru,B9 Tribeca
Subaru,Baja
Subaru,BRZ
Subaru,Crosstrek
Subaru,Forester
Subaru,Impreza
Subaru,Justy
Subaru,Legacy
Subaru,Loyale
Subaru,Outback
Subaru,SVX
Subaru,Tribeca
Subaru,WRX
Subaru,XV Crosstrek
Suzuki,Aerio
Suzuki,Equator Crew Cab
Suzuki,Equator Extended Cab
Suzuki,Esteem
Suzuki,Forenza
Suzuki,Grand Vitara
Suzuki,Kizashi
Suzuki,Reno
Suzuki,Samurai
Suzuki,Sidekick
Suzuki,Swift
Suzuki,SX4
Suzuki,Verona
Suzuki,Vitara
Suzuki,X-90
Suzuki,XL-7
Suzuki,XL7
Tesla,Model 3
Tesla,Model S
Tesla,Model X
Tesla,Model Y
Toyota,4Runner
Toyota,86
Toyota,Avalon
Toyota,Avalon Hybrid
Toyota,bZ4X
Toyota,C-HR
Toyota,Camry
Toyota,Camry Hybrid
Toyota,Celica
Toyota,Corolla
Toyota,Corolla Cross
Toyota,Corolla Cross Hybrid
Toyota,Corolla Hatchback
Toyota,Corolla Hybrid
Toyota,Corolla iM
Toyota,Cressida
Toyota,Crown
Toyota,Echo
Toyota,FJ Cruiser
Toyota,GR Corolla
Toyota,GR Supra
Toyota,GR86
Toyota,Grand Highlander
Toyota,Grand Highlander Hybrid
Toyota,Highlander
Toyota,Highlander Hybrid
Toyota,Land Cruiser
Toyota,Matrix
Toyota,Mirai
Toyota,MR2
Toyota,Paseo
Toyota,Previa
Toyota,Prius
Toyota,Prius c
Toyota,Prius Plug-in Hybrid
Toyota,Prius Prime
Toyota,Prius v
Toyota,RAV4
Toyota,RAV4 Hybrid
Toyota,RAV4 Prime
Toyota,Regular Cab
Toyota,Sequoia
Toyota,Sienna
Toyota,Solara
Toyota,Supra
Toyota,T100 Regular Cab
Toyota,T100 Xtracab
Toyota,Tacoma Access Cab
Toyota,Tacoma Double Cab
Toyota,Tacoma Regular Cab
Toyota,Tacoma XtraCab
Toyota,Tercel
Toyota,Tundra Access Cab
Toyota,Tundra CrewMax
Toyota,Tundra Double Cab
Toyota,Tundra Hybrid CrewMax
Toyota,Tundra Regular Cab
Toyota,Venza
Toyota,Xtra Cab
Toyota,Yaris
Toyota,Yaris Hatchback
Toyota,Yaris iA
Volkswagen,Arteon
Volkswagen,Atlas
Volkswagen,Atlas Cross Sport
Volkswagen,Beetle
Volkswagen,Cabrio
Volkswagen,Cabrio (New)
Volkswagen,Cabriolet
Volkswagen,CC
Volkswagen,Corrado
Volkswagen,e-Golf
Volkswagen,Eos
Volkswagen,Eurovan
Volkswagen,Fox
Volkswagen,GLI
Volkswagen,Golf
Volkswagen,Golf (New)
Volkswagen,Golf Alltrack
Volkswagen,Golf GTI
Volkswagen,Golf III
Volkswagen,Golf R
Volkswagen,Golf SportWagen
Volkswagen,GTI
Volkswagen,GTI (New)
Volkswagen,ID.4
Volkswagen,Jetta
Volkswagen,Jetta (New)
Volkswagen,Jetta GLI
Volkswagen,Jetta III
Volkswagen,Jetta SportWagen
Volkswagen,New Beetle
Volkswagen,Passat
Volkswagen,Passat (New)
Volkswagen,Phaeton
Volkswagen,R32
Volkswagen,Rabbit
Volkswagen,Routan
Volkswagen,Taos
Volkswagen,Tiguan
Volkswagen,Tiguan Limited
Volkswagen,Touareg
Volkswagen,Touareg 2
Volvo,240
Volvo,740
Volvo,850
Volvo,940
Volvo,960
Volvo,C30
Volvo,C40 Recharge
Volvo,C70
Volvo,S40
Volvo,S40 (New)
Volvo,S60
Volvo,S70
Volvo,S80
Volvo,S90
Volvo,V40
Volvo,V50
Volvo,V60
Volvo,V70
Volvo,V90
Volvo,XC40
Volvo,XC40 Recharge
Volvo,XC60
Volvo,XC70
Volvo,XC90
